company,url,keyword
บริษัท เค.บี. แคปปิตอล จำกัด,https://kbcapital.co.th,
บริษัท เครื่องสำอางไฟโบรอิน (ไทยแลนด์) จำกัด,https://www.beautyplus-fibroin.com,
บริษัท เงินเฮง จำกัด,https://www.ngernheng.com,
บริษัท เงินยินดี จำกัด,https://www.ngernyindee.co.th,
บริษัท เงินสดใจดี จำกัด,https://ngernsodjaidee.com,เงินสดใจดี Ngernsod Jaidee
บริษัท เชียงใหม่ เฮอริเทจ จำกัด,http://www.t-heritagehotel.com,
บริษัท เซฟ เวลเนส จำกัด,https://www.thefountainwellnesscenter.com,
บริษัท เซิ่งเสียนอุตสาหกรรม (ประเทศไทย)  จำกัด,http://th.shengxianthailand.com,
บริษัท เดอะ ลอร์ด เนลสัน จำกัด,https://www.lordnelsonthailand.com,
บริษัท เทคโนโลยีฟลายเบิร์ด จำกัด,https://flybird.co.th,
บริษัท เน็คซ์ มันนี่ จำกัด,https://nextmoney.co.th,Next Money
บริษัท เน็ตดีไซน์ พารากอน จำกัด,https://netdesign.ac.th,
บริษัท เนสโทปา จำกัด,https://nestopa.com,
บริษัท เบนนิค อิเล็กทรอนิกส์ (ไทยแลนด์) จำกัด,https://www.bennic.com.tw,
บริษัท เมดพาร์คไอวีเอฟ จำกัด,https://www.medparkhospital.com,MedPark Hospital
บริษัท เอ ทู แซด อินเตอร์เนชั่นแนล ทราเวลส์  จำกัด,www.a2ztravelthai.com,
บริษัท เอเอ็มที แคปปิตอล จำกัด,https://www.amtcapital.co.th,"บริการสินเชื่อ จำนอง ขายฝาก,บริษัท เอเอ็มที แคปปิตอล จำกัด"
บริษัท เอ็น - ลาร์จ พร็อพเพอร์ตี้ จำกัด,https://nlargeproperty.com,
บริษัท เอ-วอท โฮลดิ้ง (ไทยแลนด์) จำกัด,https://www.awotglobal.com,
บริษัท เออร์เซน (ประเทศไทย) จำกัด,https://www.aerzenrentalth.com,
บริษัท แคนเนติกซ์ เอเชีย จำกัด,www.canneticz.com,
บริษัท แคนบิซ จำกัด,https://canbis.co.th,
บริษัท แคลมิกซ์ จำกัด,https://www.calmix.com,
บริษัท แซม อี. โฮเทล จำกัด,https://samehotelbkk.com,
บริษัท แนทูรา ฮาร์เวสท์ จำกัด,https://www.naturaharvest.com,
บริษัท แบรทบ๊อกซ์ จำกัด,http://bratbox.lnwshop.com,
บริษัท แฟรคชั่น (ประเทศไทย) จำกัด,https://fraction.co,
บริษัท แลดูปราณ จำกัด,www.lairdupran.com,
บริษัท แสงรุ้ง เอ็ดดูเคชั่น จำกัด,https://saengroong.com,
บริษัท แอเรีย ว้าว จำกัด,https://www.tooktee.com,tooktee
บริษัท แอควาวิท กรีล แอนด์ บาร์ จำกัด,https://akvavitjomtien.com,
บริษัท แองโกล-ดัช (ไทยแลนด์) จำกัด,http://anglo-dutch.co.th,
บริษัท แอนฟิลด์ เฮง เฮง กรุ๊ป จำกัด,www.anfield 999.com,
บริษัท แอสเซท โปร กรุ๊ป จำกัด,https://assetprogroup.co,
บริษัท โกลเด้น เทคโนโลยี อินเตอร์เทรด จำกัด,https://www.golden-tech.co.th,
บริษัท โกลเบน เอ็นจิเนียริ่ง จำกัด,https://globeneng.com,
บริษัท โกลบอล เทรนด์ แฮนด์คราฟต์ จำกัด,https://www.gthandcraft.com,www.gthandcraft.com
บริษัท โปรแอคท์ เขาใหญ่ จำกัด,https://montevistakhaoyai.com,Welcome to Monté Vista Chalet - Khao Yai
บริษัท โอเรียนทอล ไซ-แอม ไบค์ เทรดดิ้ง (ประเทศไทย) จำกัด,http://www.cycambike.com,
บริษัท ไซแอนทิส แล็บบอราทอรี อินเตอร์เนชันแนล จำกัด,https://www.scli.co.th,
บริษัท ไดเมนชั่น แคลิเบรชั่น เซ็นเตอร์ จำกัด,https://www.dcccallab.com,
บริษัท ไท เซียง เย้า จำกัด,https://www.tcmi-th.com,Redd Web Design
บริษัท ไทย สเตอเจียน ฟาร์ม จำกัด,https://sturgeon.co.th,"Thai Sturgeon Farm Co., Ltd."
บริษัท ไอแอนด์ไอ เวนเจอร์ จำกัด,https://www.iiv.co.th,"I&I Venture Co.,Ltd."
บริษัท ไฮคิก จำกัด,https://highkick.co.th,HighKick
บริษัท กระจายบุญ จำกัด,https://krajaiboon.com,
บริษัท กราซิโอซ่า จำกัด,https://graziosath.com,
บริษัท กริส คอลเล็คชั่น จำกัด,https://kriscollection.com,
บริษัท กำปั้นมวยไทย จำกัด,https://gumpunmuaythai.club,
บริษัท กู๊ดวิว มีเดีย พลัส จำกัด,www.gvmp.co.th,
บริษัท คอนฟิเดียร์ พอส จำกัด,https://news.confidia.co.th,
บริษัท คอนสเท็นซี่ จอมเทียน พัทยา  จำกัด,http://www.constancypattaya.com,
บริษัท คอมเมอร์เชี่ยล ฟิล์มส์ ไซแอ็ม จำกัด,https://contentthailand.com,Content Thailand
บริษัท คัยโกเฮาส์ จำกัด,https://www.kaigohouse.co.th,kaigohouse
บริษัท คิซโทเปีย เซ็นทรัล เวสต์วิลล์ จำกัด,https://kiztopia.co.th,
บริษัท จัสท์ กู๊ด ไทม์ จำกัด,www.justgoodtime.co,
บริษัท จินหนาน ไอรอน แอนด์ สตีล (ไทยแลนด์) จำกัด,www.jinnansteelthailand.com,www.jinnansteelthailand.com
บริษัท ซาเวียโก จำกัด,www.zaviago.com,
บริษัท ซาโล เทค (ไทยแลนด์) จำกัด,https://www.salotechthailand.com,
บริษัท ซีเนร่า ซีเนียร์ เวลเนส จำกัด,https://www.senerawellness.com,Senera Senior Wellness
บริษัท ซุปเปอร์ เอ็กซ์ โทเคน จำกัด,https://superxtoken.com,Super X Token
บริษัท ด็อกเตอร์ เชน เซอร์เจอรี่ ฮอสพิทอล จำกัด,https://drchenhospital.com,DCH Hospital
บริษัท ดีที ฟู๊ด ซัพพลาย แมเนจเม้นท์ จำกัด,https://cqk-group.com,
บริษัท ทรัพย์ถาวร ไบโอแมส จำกัด,www.stwbiomass.co.th,
บริษัท ที.วาย.ฮอลิเดย์ จำกัด,https://www.tyholiday.com,
บริษัท ทีเอ็นอาร์ ไบโอไซเอินซ์ จำกัด,https://www.tnrbioscience.com,
บริษัท ทีซีพี อินคิวเบเตอร์ จำกัด,www.tcp.com,
บริษัท ทีที แชมป์เปี้ยน(ประเทศไทย) จำกัด,https://ttchampion.co.th,
บริษัท นคร แคปปิตอล จำกัด,https://www.nakorncapital.co.th,
บริษัท นวัตกรรมการแพทย์แผนไทย จำกัด,https://ttmic.co.th,ศูนย์นวัตกรรมการแพทย์แผนไทย TTMIC
บริษัท นำคนต่างด้าวมาทำงานในประเทศ สยามตรีทศ ซัพพลายส์ จำกัด,https://stt.in.th,TemplateMo
บริษัท นิวเจน อีเนอจี้ โซลูชั่น จำกัด,www.ngesth.com,"Newgen Green Energy Solution Co., Ltd. –"
บริษัท บราวน์ ยูไนเต็ด จำกัด,https://browneandco.com,
บริษัท บริหารสินทรัพย์แคปปิตอลชัวร์ จำกัด,https://capitalsure-amc.com,
บริษัท บอดี้ จูน คอร์ปอเรชั่น จำกัด,https://www.bodytune.co.th,Bodytune
บริษัท บอนทิไลฟ์ จำกัด,https://bontilife.com,Bontilife Company - Health products and services
บริษัท บ้านฉัน ลีฟวิ่ง พอยท์  จำกัด,https://baanchan.co.th,Baanchan Living - บ้านฉัน ลีฟวิ่ง
บริษัท บี-เมด เอ็กซ์ จำกัด,www.beaut-app.com,
บริษัท บีกรีน ไบโอเทค จำกัด,https://www.begreenbio.co.th,
บริษัท ปภพ โซลาร์ จำกัด,https://www.papopsolar.com,
บริษัท ปัญญาประเสริฐกุล จำกัด,www.gtech.ac.th,
บริษัท ปันปันเวิร์ล จำกัด,https://panpanworld.co.th,
บริษัท พัฒน์พิบูล สตีล บาร์ มิล จำกัด,https://tnp.co.th,
บริษัท พัทยา สเตชั่น รูม จำกัด,www.bluebedpattaya.com,Bluebedpattaya
บริษัท พีเค. อินโนฟู้ดส์ จำกัด,https://pk-innofoods.com,
บริษัท พีเอส-มาคุอะเกะ จำกัด,https://psmakuake.com,PS-MAKUAKE
บริษัท ฟูลเทค เทคโนโลยี (ไทยแลนด์) จำกัด,https://www.sicworld.com,
บริษัท มั่งมี เอพลัส จำกัด,https://www.mungmeeaplus.com,mungmeeaplus
บริษัท มิตรอน ซีอี  จำกัด,http://www.mitron-ce.com,
บริษัท มีสเปซ เซลฟ์ สโตเรจ (รามอินทรา)  จำกัด,www.mespace-selfstorage.co.th,
บริษัท รอยัล รีซอสเซส รีบอร์น จำกัด,https://www.rene.co.th,
บริษัท รอยัล สมุยกอล์ฟ แอนด์ คันทรี่คลับ จำกัด,www.rsgcc.co.th,
บริษัท รีไซเคิลเดย์ จำกัด,www.recycledaythailand.com,
บริษัท รีกัล พรีเชียส เมททอล อินโนเวชั่น จำกัด,https://www.regalpreciousmetal.com,RPMI
บริษัท ล็อกซ์เทรด สเปเชียลตี้ อินโนเวชั่น จำกัด,https://www.loxley.co.th,
บริษัท ลองสเตย์ คอนซัลติ้ง (ประเทศไทย) จำกัด,https://longstayconsulting.co.th,"LONGSTAY CONSULTING（THAILAND）CO., LTD."
บริษัท วอร์นเนอร์ แช็ปเปิล มิวสิค (ประเทศไทย) จำกัด,www.warnermusicthailand.com,
บริษัท วีที อินโนเวทีฟ อะไลแอนซ์ จำกัด,https://www.vtinnovative.com,
บริษัท วู้ดเวอร์คฟาร์ม จำกัด,https://www.woodworkgroup.co.th,"Woodwork Co.,Ltd"
บริษัท ศุภโชคโภคทรัพย์ จำกัด,www.spc-estate.com,
บริษัท สปีดิชั่น ซิกม่า จำกัด,http://www.speditionsigma.com,
บริษัท สยาม เมดิบ็อท จำกัด,https://siammedibot.com,
บริษัท สยาม ซีเพลน จำกัด,https://www.siamseaplane.com,
บริษัท สยาม ดิจิทัล เลนดิ้ง จำกัด,https://siamdl.co.th,Siam Digital Lending
บริษัท สวีทรานส์ กรุ๊ป จำกัด,https://www.swe-trans.co.th,
บริษัท อนุสรณ์ พาวเวอร์เซอร์วิส 3 จำกัด,http://www.anusornpower.com,
บริษัท อมตะเฮลท์แคร์ จำกัด,https://amatayawellness.com,AMATAYA WELLNESS
บริษัท อินเตอร์ เนชั่นแนล เอ๊าท์ดอร์ มีเดีย จำกัด,https://kongthong-group.com,
บริษัท อิมเมจ ทรี จำกัด,https://imagetree.co.th,www.imagetree.co.th
บริษัท อิริเดซเซ็นท์ เมด จำกัด,https://www.iridescentmed.com,
บริษัท อีซี่ ดิจิตอล จำกัด,www.eazydigital.io,
บริษัท อุ่นใจ ออโต้ ลิสซิ่ง จำกัด,http://www.aunjai.co.th,
บริษัท อูดิก้า เค ฟาร์ม จำกัด,https://udicakfarm.com,Udica k farm
บริษัท ฮับ เฮ็ด ดี จำกัด,www.packkingdee.com,
ห้างหุ้นส่วนจำกัด โกลเด้นบีช บูติค รีสอร์ท แอนด์ โฮเทล,https://goldenbeachboutique.com,
ห้างหุ้นส่วนจำกัด โรงเลื่อยจักร ตั้งเต็กเส็ง,https://www.tangtekseng.com,
ห้างหุ้นส่วนจำกัด ทูเก็ตเตอร์ รีสอร์ท,https://www.together-resort.com,TOGETHER RESORT KAENG KRACHAN
ห้างหุ้นส่วนจำกัด บรีซฮิลล์เขาค้อ 2011,https://breezehill-khaokho.com,บรีซฮิลล์ เขาค้อ
